Product URL,Description,ASIN,Product Description,Manufacturer
https://www.amazon.in/b/ref=sxts_spks_0_0_dbb31dc2-f6c4-487f-9f15-03751dec7efa?node=21102587031&pd_rd_w=bFgZq&content-id=amzn1.sym.dbb31dc2-f6c4-487f-9f15-03751dec7efa:amzn1.sym.dbb31dc2-f6c4-487f-9f15-03751dec7efa&pf_rd_p=dbb31dc2-f6c4-487f-9f15-03751dec7efa&pf_rd_r=WCY0NQ6MG86W27EZV5DE&pd_rd_wg=0izqQ&pd_rd_r=20cbbdd1-4d5e-45c2-bc76-cf0d9c3e2bc2&qid=1692697669,N/A,N/A,N/A,N/A
N/A,N/A,N/A,N/A,N/A
https://www.amazon.in/s/ref=sxin_15_trfobq2av2?rh=n%3A14737350031&k=bags&i=specialty-aps&srs=14737350031&pd_rd_w=FUTEm&content-id=amzn1.sym.7abeb195-8e0b-4e74-aede-b7cb234213a5:amzn1.sym.7abeb195-8e0b-4e74-aede-b7cb234213a5&pf_rd_p=7abeb195-8e0b-4e74-aede-b7cb234213a5&pf_rd_r=WCY0NQ6MG86W27EZV5DE&pd_rd_wg=VQYog&pd_rd_r=0b48a90f-2688-4ebe-bd97-7fb7e6886cef&qid=1692697669,Online shopping from a great selection at Private-Brands Store.,N/A,N/A,N/A
N/A,N/A,N/A,N/A,N/A
https://www.amazon.in/TRUE-HUMAN-Anti-Theft-backpack-charging/dp/B09QJ7ZF2Y,Buy TRUE HUMAN EMPEROR® Anti-Theft backpack With USB charging Port Laptop bag/Office bag/college bag/travel bag with anti -theft back pocket (LEGEND) from Laptop Backpacks at Amazon.in. 30 days free exchange or return,B09QJ7ZF2Y,N/A,Visit the TRUE HUMAN Store
https://www.amazon.in/gp/bestsellers/luggage/1984997031/ref=sr_bs_7_1984997031_1,Amazon.in Bestsellers: The most popular items in Rucksacks & Trekking Backpacks,N/A,N/A,N/A
N/A,N/A,N/A,N/A,N/A
https://www.amazon.in/s/?k=bags+for+girls&ref=sugsr_0&pd_rd_w=08wpB&content-id=amzn1.sym.f0166a2b-0975-4017-be10-7ecf88afb403:amzn1.sym.f0166a2b-0975-4017-be10-7ecf88afb403&pf_rd_p=f0166a2b-0975-4017-be10-7ecf88afb403&pf_rd_r=WCY0NQ6MG86W27EZV5DE&pd_rd_wg=DdR3F&pd_rd_r=f242d84a-3e17-4710-a25d-86e2c8afba00&qid=1692697669,Amazon.in: bags for girls,N/A,N/A,N/A
N/A,N/A,N/A,N/A,N/A
https://www.amazon.in/b/ref=sxts_spks_0_0_dbb31dc2-f6c4-487f-9f15-03751dec7efa?node=21102587031&pd_rd_w=64xl1&content-id=amzn1.sym.dbb31dc2-f6c4-487f-9f15-03751dec7efa:amzn1.sym.dbb31dc2-f6c4-487f-9f15-03751dec7efa&pf_rd_p=dbb31dc2-f6c4-487f-9f15-03751dec7efa&pf_rd_r=189RH2ZKZBY3P279EYDQ&pd_rd_wg=JvD67&pd_rd_r=b5f089e8-e8c8-4d35-8a73-0738aaddf213&qid=1692697675,N/A,N/A,N/A,N/A
N/A,N/A,N/A,N/A,N/A
N/A,N/A,N/A,N/A,N/A
https://www.amazon.in/gp/bestsellers/luggage/1984997031/ref=sr_bs_7_1984997031_1,Amazon.in Bestsellers: The most popular items in Rucksacks & Trekking Backpacks,N/A,N/A,N/A
N/A,N/A,N/A,N/A,N/A
N/A,N/A,N/A,N/A,N/A
https://www.amazon.in/b/ref=sxts_spks_0_0_5b47f725-4fa5-48ae-98f9-662935e233b4?node=21102587031&pd_rd_w=RMlar&content-id=amzn1.sym.5b47f725-4fa5-48ae-98f9-662935e233b4:amzn1.sym.5b47f725-4fa5-48ae-98f9-662935e233b4&pf_rd_p=5b47f725-4fa5-48ae-98f9-662935e233b4&pf_rd_r=DMN6AJDVGD5W60W20G1K&pd_rd_wg=Kzr3P&pd_rd_r=91c28ca0-2157-4480-9868-46b994c0a7d8&qid=1692697681,N/A,N/A,N/A,N/A
N/A,N/A,N/A,N/A,N/A
N/A,N/A,N/A,N/A,N/A
https://www.amazon.in/gp/bestsellers/luggage/1984997031/ref=sr_bs_7_1984997031_1,Amazon.in Bestsellers: The most popular items in Rucksacks & Trekking Backpacks,N/A,N/A,N/A
N/A,N/A,N/A,N/A,N/A
N/A,N/A,N/A,N/A,N/A
https://www.amazon.in/b/ref=sxts_spks_0_0_5b47f725-4fa5-48ae-98f9-662935e233b4?node=21102587031&pd_rd_w=zHsH4&content-id=amzn1.sym.5b47f725-4fa5-48ae-98f9-662935e233b4:amzn1.sym.5b47f725-4fa5-48ae-98f9-662935e233b4&pf_rd_p=5b47f725-4fa5-48ae-98f9-662935e233b4&pf_rd_r=4KB4BC6Y0HHN6QBXYA4X&pd_rd_wg=8n9Gi&pd_rd_r=7b60c9c1-f6a8-4aba-8e51-5747df9f350b&qid=1692697687,N/A,N/A,N/A,N/A
N/A,N/A,N/A,N/A,N/A
N/A,N/A,N/A,N/A,N/A
https://www.amazon.in/gp/bestsellers/luggage/1984997031/ref=sr_bs_7_1984997031_1,Amazon.in Bestsellers: The most popular items in Rucksacks & Trekking Backpacks,N/A,N/A,N/A
N/A,N/A,N/A,N/A,N/A
N/A,N/A,N/A,N/A,N/A
https://www.amazon.in/b/ref=sxts_spks_0_0_dbb31dc2-f6c4-487f-9f15-03751dec7efa?node=21102587031&pd_rd_w=O4YdC&content-id=amzn1.sym.dbb31dc2-f6c4-487f-9f15-03751dec7efa:amzn1.sym.dbb31dc2-f6c4-487f-9f15-03751dec7efa&pf_rd_p=dbb31dc2-f6c4-487f-9f15-03751dec7efa&pf_rd_r=9N366920EY1W5QPXR66Q&pd_rd_wg=pyaV3&pd_rd_r=5331ad1d-94d8-421b-8019-07366fb9c68c&qid=1692697689,N/A,N/A,N/A,N/A
N/A,N/A,N/A,N/A,N/A
N/A,N/A,N/A,N/A,N/A
https://www.amazon.in/gp/bestsellers/luggage/1984997031/ref=sr_bs_7_1984997031_1,Amazon.in Bestsellers: The most popular items in Rucksacks & Trekking Backpacks,N/A,N/A,N/A
N/A,N/A,N/A,N/A,N/A
N/A,N/A,N/A,N/A,N/A
https://www.amazon.in/b/ref=sxts_spks_0_0_5b47f725-4fa5-48ae-98f9-662935e233b4?node=21102587031&pd_rd_w=4iuqq&content-id=amzn1.sym.5b47f725-4fa5-48ae-98f9-662935e233b4:amzn1.sym.5b47f725-4fa5-48ae-98f9-662935e233b4&pf_rd_p=5b47f725-4fa5-48ae-98f9-662935e233b4&pf_rd_r=M7GEZ3MTTB1SD33Q82BB&pd_rd_wg=XXH5D&pd_rd_r=dffa6a7f-9997-4d49-9960-0985ddb08d0b&qid=1692697695,N/A,N/A,N/A,N/A
N/A,N/A,N/A,N/A,N/A
N/A,N/A,N/A,N/A,N/A
https://www.amazon.in/gp/bestsellers/luggage/1984997031/ref=sr_bs_7_1984997031_1,Amazon.in Bestsellers: The most popular items in Rucksacks & Trekking Backpacks,N/A,N/A,N/A
N/A,N/A,N/A,N/A,N/A
N/A,N/A,N/A,N/A,N/A
https://www.amazon.in/b/ref=sxts_spks_0_0_5b47f725-4fa5-48ae-98f9-662935e233b4?node=21102587031&pd_rd_w=Aykie&content-id=amzn1.sym.5b47f725-4fa5-48ae-98f9-662935e233b4:amzn1.sym.5b47f725-4fa5-48ae-98f9-662935e233b4&pf_rd_p=5b47f725-4fa5-48ae-98f9-662935e233b4&pf_rd_r=9F0V2SCWNMWD9JEV3J1K&pd_rd_wg=xiUkn&pd_rd_r=1066acff-fcdf-47c4-afc2-c3d88b1aa524&qid=1692697698,N/A,N/A,N/A,N/A
N/A,N/A,N/A,N/A,N/A
N/A,N/A,N/A,N/A,N/A
N/A,N/A,N/A,N/A,N/A
N/A,N/A,N/A,N/A,N/A
https://www.amazon.in/b/ref=sxts_spks_0_0_dbb31dc2-f6c4-487f-9f15-03751dec7efa?node=21102587031&pd_rd_w=uhCNE&content-id=amzn1.sym.dbb31dc2-f6c4-487f-9f15-03751dec7efa:amzn1.sym.dbb31dc2-f6c4-487f-9f15-03751dec7efa&pf_rd_p=dbb31dc2-f6c4-487f-9f15-03751dec7efa&pf_rd_r=FVRSMWR3HQCVRCHD6Z7Y&pd_rd_wg=yvNG3&pd_rd_r=ab0da7ee-32fa-4d4e-88ae-5bccca0157ce&qid=1692697700,N/A,N/A,N/A,N/A
N/A,N/A,N/A,N/A,N/A
N/A,N/A,N/A,N/A,N/A
https://www.amazon.in/gp/bestsellers/luggage/1984997031/ref=sr_bs_7_1984997031_1,Amazon.in Bestsellers: The most popular items in Rucksacks & Trekking Backpacks,N/A,N/A,N/A
N/A,N/A,N/A,N/A,N/A
https://www.amazon.in/Gear-Classic-Leather-Backpack-LBPCLSLTH0201/dp/B07G4F6XFH,Buy Gear Classic 20L Small Size Faux Leather Water Resistant Anti Theft Unisex Laptop Backpack- Brown from Laptop Backpacks at Amazon.in. 30 days free exchange or return,B07G4F6XFH,"Gear bags are designed for the quick commute as well for the long journey. these backpacks can be used as laptop bags,adventure bags and so on. Your favorite travel companion, The backpacks come with enough storage space to carry all your requirements.",Visit the Gear Store
N/A,N/A,N/A,N/A,N/A
https://www.amazon.in/b/ref=sxts_spks_0_0_dbb31dc2-f6c4-487f-9f15-03751dec7efa?node=21102587031&pd_rd_w=eIsv9&content-id=amzn1.sym.dbb31dc2-f6c4-487f-9f15-03751dec7efa:amzn1.sym.dbb31dc2-f6c4-487f-9f15-03751dec7efa&pf_rd_p=dbb31dc2-f6c4-487f-9f15-03751dec7efa&pf_rd_r=NSGS1GV9WN4ZETSS2HRN&pd_rd_wg=uzWKC&pd_rd_r=7d5f8e94-304a-4f54-8b13-3b71a3b5c2ab&qid=1692697717,N/A,N/A,N/A,N/A
N/A,N/A,N/A,N/A,N/A
N/A,N/A,N/A,N/A,N/A
https://www.amazon.in/gp/bestsellers/luggage/1984997031/ref=sr_bs_7_1984997031_1,Amazon.in Bestsellers: The most popular items in Rucksacks & Trekking Backpacks,N/A,N/A,N/A
N/A,N/A,N/A,N/A,N/A
N/A,N/A,N/A,N/A,N/A
N/A,N/A,N/A,N/A,N/A
N/A,N/A,N/A,N/A,N/A
https://www.amazon.in/gp/bestsellers/luggage/1984997031/ref=sr_bs_7_1984997031_1,Amazon.in Bestsellers: The most popular items in Rucksacks & Trekking Backpacks,N/A,N/A,N/A
N/A,N/A,N/A,N/A,N/A
N/A,N/A,N/A,N/A,N/A
https://www.amazon.in/b/ref=sxts_spks_0_0_dbb31dc2-f6c4-487f-9f15-03751dec7efa?node=21102587031&pd_rd_w=ho7E7&content-id=amzn1.sym.dbb31dc2-f6c4-487f-9f15-03751dec7efa:amzn1.sym.dbb31dc2-f6c4-487f-9f15-03751dec7efa&pf_rd_p=dbb31dc2-f6c4-487f-9f15-03751dec7efa&pf_rd_r=34DRG856ZAA4KZSD7MVN&pd_rd_wg=vcy73&pd_rd_r=c527f3e9-12ab-49a1-8e12-7c91d235820e&qid=1692697722,N/A,N/A,N/A,N/A
N/A,N/A,N/A,N/A,N/A
https://www.amazon.in/Amazon-Brand-Solimo-Diaper-Backpack/dp/B08FTHBRPY?sbo=RZvfv%2F%2FHxDF%2BO5021pAnSA%3D%3D,"Amazon.in: Buy Amazon Brand - Solimo Diaper Backpack, Cat Print online at low price in India on Amazon.in. Check out Amazon Brand - Solimo Diaper Backpack, Cat Print reviews, ratings, specifications and more at Amazon.in. Free Shipping, Cash on Delivery Available.",B08FTHBRPY,"Packing food, clothing, toys and accessories for your baby is convenient and made easy with the Solimo Diaper Backpack. Made using 100% polyester water resistant fabric, it is durable, long lasting and easy to clean in case of spills and accidents. This spacious backpack is made using quality materials and stitching and is tested in an NABL accredited lab against 72 parameters for quality, performance and safety. It is free from harmful chemicals like Azo dye and formaldehyde, making it safe for everyday use. For your peace of mind it comes with a 1 year warranty against manufacturing defects. The Solimo Diaper Backpack is equipped with zipper closures that are sturdy and convenient to use. Built with a quick access back opening, it leads directly to the interior of the bag and can be used with one hand. This backpack features an insulated pocket that can store 3 feeding bottles with ease. A side tissue pocket is zipperless and easy to reach and pull out. This backpack also has a back mobile pocket that is discrete to help prevent theft. With shoulder and tote carrying straps, you can decide which is more comfortable for you. From diapers, towels, tissues, feeding bottles and toys, this diaper backpack is ideal for park trips, outings and everyday activities.",Brand: Amazon Brand - Solimo
N/A,N/A,N/A,N/A,N/A
https://www.amazon.in/gp/bestsellers/luggage/1984997031/ref=sr_bs_7_1984997031_1,Amazon.in Bestsellers: The most popular items in Rucksacks & Trekking Backpacks,N/A,N/A,N/A
N/A,N/A,N/A,N/A,N/A
N/A,N/A,N/A,N/A,N/A
https://www.amazon.in/b/ref=sxts_spks_0_0_dbb31dc2-f6c4-487f-9f15-03751dec7efa?node=21102587031&pd_rd_w=gWLRR&content-id=amzn1.sym.dbb31dc2-f6c4-487f-9f15-03751dec7efa:amzn1.sym.dbb31dc2-f6c4-487f-9f15-03751dec7efa&pf_rd_p=dbb31dc2-f6c4-487f-9f15-03751dec7efa&pf_rd_r=SWTX7YPT3CN71GFQECB4&pd_rd_wg=3WPrt&pd_rd_r=f9c4ecec-403c-4db7-b41c-116c2f1e7d3c&qid=1692697733,N/A,N/A,N/A,N/A
N/A,N/A,N/A,N/A,N/A
https://www.amazon.in/s/ref=sxin_15_trfobq2av2?rh=n%3A14737350031&k=bags&i=specialty-aps&srs=14737350031&pd_rd_w=eLkxq&content-id=amzn1.sym.7abeb195-8e0b-4e74-aede-b7cb234213a5:amzn1.sym.7abeb195-8e0b-4e74-aede-b7cb234213a5&pf_rd_p=7abeb195-8e0b-4e74-aede-b7cb234213a5&pf_rd_r=SWTX7YPT3CN71GFQECB4&pd_rd_wg=GZ3s5&pd_rd_r=647523cb-278e-4e63-b803-fa346e4a295d&qid=1692697733,Online shopping from a great selection at Private-Brands Store.,N/A,N/A,N/A
N/A,N/A,N/A,N/A,N/A
https://www.amazon.in/gp/bestsellers/luggage/1984997031/ref=sr_bs_7_1984997031_1,Amazon.in Bestsellers: The most popular items in Rucksacks & Trekking Backpacks,N/A,N/A,N/A
N/A,N/A,N/A,N/A,N/A
https://www.amazon.in/American-Tourister-BACKPACK-COMPARTMENT-ORGANIZER/dp/B0BTD4FK9G,"Buy American Tourister VALEX BLUE LAPTOP BACKPACK 28 Ltrs,Volume, LAPTOP COMPARTMENT, BOTTLE POCKET, FRONT ORGANIZER from Laptop Backpacks at Amazon.in. 30 days free exchange or return",B0BTD4FK9G,"A backpack isn’t just a bag. It’s a cache, a case, a mobile base of sorts. And it is a reflection of the care you’ve put into selecting the ideal loadout of items to keep on you. Introducing Valex, a modern everyday backpacks collections are available in a variety of nice looking colours to express your true self",Brand: American Tourister
N/A,N/A,N/A,N/A,N/A
N/A,N/A,N/A,N/A,N/A
N/A,N/A,N/A,N/A,N/A
https://www.amazon.in/gp/bestsellers/luggage/1984997031/ref=sr_bs_7_1984997031_1,Amazon.in Bestsellers: The most popular items in Rucksacks & Trekking Backpacks,N/A,N/A,N/A
N/A,N/A,N/A,N/A,N/A
N/A,N/A,N/A,N/A,N/A
https://www.amazon.in/b/ref=sxts_spks_0_0_dbb31dc2-f6c4-487f-9f15-03751dec7efa?node=21102587031&pd_rd_w=m5KHO&content-id=amzn1.sym.dbb31dc2-f6c4-487f-9f15-03751dec7efa:amzn1.sym.dbb31dc2-f6c4-487f-9f15-03751dec7efa&pf_rd_p=dbb31dc2-f6c4-487f-9f15-03751dec7efa&pf_rd_r=P8HJNED66BBXNW4Q2D8G&pd_rd_wg=tkXH9&pd_rd_r=0ad49a48-b6a4-43c3-b578-2a3589fc000e&qid=1692697740,N/A,N/A,N/A,N/A
N/A,N/A,N/A,N/A,N/A
N/A,N/A,N/A,N/A,N/A
https://www.amazon.in/gp/bestsellers/luggage/1984997031/ref=sr_bs_7_1984997031_1,Amazon.in Bestsellers: The most popular items in Rucksacks & Trekking Backpacks,N/A,N/A,N/A
N/A,N/A,N/A,N/A,N/A
N/A,N/A,N/A,N/A,N/A
https://www.amazon.in/b/ref=sxts_spks_0_0_5b47f725-4fa5-48ae-98f9-662935e233b4?node=21102587031&pd_rd_w=3XhKZ&content-id=amzn1.sym.5b47f725-4fa5-48ae-98f9-662935e233b4:amzn1.sym.5b47f725-4fa5-48ae-98f9-662935e233b4&pf_rd_p=5b47f725-4fa5-48ae-98f9-662935e233b4&pf_rd_r=6A7RQQNBQ15VPMF2W4R0&pd_rd_wg=9gr2C&pd_rd_r=6e5f56ee-d88b-427d-8ca8-838a75a00f27&qid=1692697743,N/A,N/A,N/A,N/A
N/A,N/A,N/A,N/A,N/A
https://www.amazon.in/Skybags-Brat-Black-Casual-Backpack/dp/B08Z1HHHTD,Skybags Brat Black 46 Cms Casual Backpack : Amazon.in: Fashion,B08Z1HHHTD,"Ideal for a college student who does not carry a lot of books or laptop to college. Very stylish, slim and feature loaded Backpack",Visit the Skybags Store
N/A,N/A,N/A,N/A,N/A
https://www.amazon.in/gp/bestsellers/luggage/1984997031/ref=sr_bs_7_1984997031_1,Amazon.in Bestsellers: The most popular items in Rucksacks & Trekking Backpacks,N/A,N/A,N/A
N/A,N/A,N/A,N/A,N/A
https://www.amazon.in/American-Tourister-BACKPACK-COMPARTMENT-ORGANIZER/dp/B0BTD4FK9G,"Buy American Tourister VALEX BLUE LAPTOP BACKPACK 28 Ltrs,Volume, LAPTOP COMPARTMENT, BOTTLE POCKET, FRONT ORGANIZER from Laptop Backpacks at Amazon.in. 30 days free exchange or return",B0BTD4FK9G,"A backpack isn’t just a bag. It’s a cache, a case, a mobile base of sorts. And it is a reflection of the care you’ve put into selecting the ideal loadout of items to keep on you. Introducing Valex, a modern everyday backpacks collections are available in a variety of nice looking colours to express your true self",Brand: American Tourister
N/A,N/A,N/A,N/A,N/A
https://www.amazon.in/b/ref=sxts_spks_0_0_dbb31dc2-f6c4-487f-9f15-03751dec7efa?node=21102587031&pd_rd_w=PSuHW&content-id=amzn1.sym.dbb31dc2-f6c4-487f-9f15-03751dec7efa:amzn1.sym.dbb31dc2-f6c4-487f-9f15-03751dec7efa&pf_rd_p=dbb31dc2-f6c4-487f-9f15-03751dec7efa&pf_rd_r=8KHEEQ20JKQ2XDG94ZF2&pd_rd_wg=LR5wa&pd_rd_r=2b569607-c405-422b-863a-7ee4db17a571&qid=1692697752,N/A,N/A,N/A,N/A
N/A,N/A,N/A,N/A,N/A
N/A,N/A,N/A,N/A,N/A
https://www.amazon.in/gp/bestsellers/luggage/1984997031/ref=sr_bs_7_1984997031_1,Amazon.in Bestsellers: The most popular items in Rucksacks & Trekking Backpacks,N/A,N/A,N/A
N/A,N/A,N/A,N/A,N/A
N/A,N/A,N/A,N/A,N/A
https://www.amazon.in/b/ref=sxts_spks_0_0_5b47f725-4fa5-48ae-98f9-662935e233b4?node=21102587031&pd_rd_w=Q8ggV&content-id=amzn1.sym.5b47f725-4fa5-48ae-98f9-662935e233b4:amzn1.sym.5b47f725-4fa5-48ae-98f9-662935e233b4&pf_rd_p=5b47f725-4fa5-48ae-98f9-662935e233b4&pf_rd_r=6YYXRTR6VQF88CNSBBH3&pd_rd_wg=wYS6E&pd_rd_r=f3f49ecf-bb59-4aab-8de9-6b9db8ffb856&qid=1692697766,N/A,N/A,N/A,N/A
N/A,N/A,N/A,N/A,N/A
N/A,N/A,N/A,N/A,N/A
https://www.amazon.in/gp/bestsellers/luggage/1984997031/ref=sr_bs_7_1984997031_1,Amazon.in Bestsellers: The most popular items in Rucksacks & Trekking Backpacks,N/A,N/A,N/A
N/A,N/A,N/A,N/A,N/A
N/A,N/A,N/A,N/A,N/A
https://www.amazon.in/b/ref=sxts_spks_0_0_dbb31dc2-f6c4-487f-9f15-03751dec7efa?node=21102587031&pd_rd_w=AbdCr&content-id=amzn1.sym.dbb31dc2-f6c4-487f-9f15-03751dec7efa:amzn1.sym.dbb31dc2-f6c4-487f-9f15-03751dec7efa&pf_rd_p=dbb31dc2-f6c4-487f-9f15-03751dec7efa&pf_rd_r=B7B53929G69DQ4EMHXXX&pd_rd_wg=MzYKz&pd_rd_r=77f3bf08-dc72-4f96-b396-184b8f1c2a41&qid=1692697772,N/A,N/A,N/A,N/A
N/A,N/A,N/A,N/A,N/A
https://www.amazon.in/School-Backpack-Cartoon-Travel-Toddler/dp/B097NHH5YY?sbo=RZvfv%2F%2FHxDF%2BO5021pAnSA%3D%3D,Blue Tree Kids School Bag Soft Plush Backpack Cartoon Bags Mini Travel Bag for for Girls Boys Toddler Baby Cute Dog & Koala : Amazon.in: Toys & Games,B097NHH5YY,N/A,Visit the blue tree Store
N/A,N/A,N/A,N/A,N/A
https://www.amazon.in/gp/bestsellers/luggage/1984997031/ref=sr_bs_7_1984997031_1,Amazon.in Bestsellers: The most popular items in Rucksacks & Trekking Backpacks,N/A,N/A,N/A
N/A,N/A,N/A,N/A,N/A
N/A,N/A,N/A,N/A,N/A
https://www.amazon.in/b/ref=sxts_spks_0_0_dbb31dc2-f6c4-487f-9f15-03751dec7efa?node=21102587031&pd_rd_w=amfw6&content-id=amzn1.sym.dbb31dc2-f6c4-487f-9f15-03751dec7efa:amzn1.sym.dbb31dc2-f6c4-487f-9f15-03751dec7efa&pf_rd_p=dbb31dc2-f6c4-487f-9f15-03751dec7efa&pf_rd_r=AKD23YM28X0Y3W3QHR6B&pd_rd_wg=lfQK2&pd_rd_r=7a438204-f26a-43fa-8377-39cd92522903&qid=1692697776,N/A,N/A,N/A,N/A
N/A,N/A,N/A,N/A,N/A
N/A,N/A,N/A,N/A,N/A
https://www.amazon.in/gp/bestsellers/luggage/1984997031/ref=sr_bs_7_1984997031_1,Amazon.in Bestsellers: The most popular items in Rucksacks & Trekking Backpacks,N/A,N/A,N/A
N/A,N/A,N/A,N/A,N/A
N/A,N/A,N/A,N/A,N/A
https://www.amazon.in/b/ref=sxts_spks_0_0_dbb31dc2-f6c4-487f-9f15-03751dec7efa?node=21102587031&pd_rd_w=EpUAe&content-id=amzn1.sym.dbb31dc2-f6c4-487f-9f15-03751dec7efa:amzn1.sym.dbb31dc2-f6c4-487f-9f15-03751dec7efa&pf_rd_p=dbb31dc2-f6c4-487f-9f15-03751dec7efa&pf_rd_r=9MWYV4W62YW1BR4Y7DZ2&pd_rd_wg=E7Pwk&pd_rd_r=17362089-e0d4-4dab-87b0-48e658d30c50&qid=1692697782,N/A,N/A,N/A,N/A
N/A,N/A,N/A,N/A,N/A
https://www.amazon.in/s/ref=sxin_15_trfobq2av2?rh=n%3A14737350031&k=bags&i=specialty-aps&srs=14737350031&pd_rd_w=0He3b&content-id=amzn1.sym.7abeb195-8e0b-4e74-aede-b7cb234213a5:amzn1.sym.7abeb195-8e0b-4e74-aede-b7cb234213a5&pf_rd_p=7abeb195-8e0b-4e74-aede-b7cb234213a5&pf_rd_r=9MWYV4W62YW1BR4Y7DZ2&pd_rd_wg=STlFB&pd_rd_r=77d9e09c-d06e-4d1c-9a6b-9871bf571c94&qid=1692697782,Online shopping from a great selection at Private-Brands Store.,N/A,N/A,N/A
N/A,N/A,N/A,N/A,N/A
https://www.amazon.in/TRUE-HUMAN-Anti-Theft-backpack-charging/dp/B09QJ7ZF2Y,Buy TRUE HUMAN EMPEROR® Anti-Theft backpack With USB charging Port Laptop bag/Office bag/college bag/travel bag with anti -theft back pocket (LEGEND) from Laptop Backpacks at Amazon.in. 30 days free exchange or return,B09QJ7ZF2Y,N/A,Visit the TRUE HUMAN Store
https://www.amazon.in/gp/bestsellers/luggage/1984997031/ref=sr_bs_7_1984997031_1,Amazon.in Bestsellers: The most popular items in Rucksacks & Trekking Backpacks,N/A,N/A,N/A
N/A,N/A,N/A,N/A,N/A
N/A,N/A,N/A,N/A,N/A
N/A,N/A,N/A,N/A,N/A
N/A,N/A,N/A,N/A,N/A
https://www.amazon.in/gp/bestsellers/luggage/1984997031/ref=sr_bs_7_1984997031_1,Amazon.in Bestsellers: The most popular items in Rucksacks & Trekking Backpacks,N/A,N/A,N/A
N/A,N/A,N/A,N/A,N/A
N/A,N/A,N/A,N/A,N/A
https://www.amazon.in/b/ref=sxts_spks_0_0_dbb31dc2-f6c4-487f-9f15-03751dec7efa?node=21102587031&pd_rd_w=2CtMI&content-id=amzn1.sym.dbb31dc2-f6c4-487f-9f15-03751dec7efa:amzn1.sym.dbb31dc2-f6c4-487f-9f15-03751dec7efa&pf_rd_p=dbb31dc2-f6c4-487f-9f15-03751dec7efa&pf_rd_r=3JQPAV7ZG3YJ44D2MMWT&pd_rd_wg=MNr7I&pd_rd_r=8ce93ba3-04da-4537-8a05-b7b3f8a4d063&qid=1692697789,N/A,N/A,N/A,N/A
N/A,N/A,N/A,N/A,N/A
N/A,N/A,N/A,N/A,N/A
https://www.amazon.in/gp/bestsellers/luggage/1984997031/ref=sr_bs_7_1984997031_1,Amazon.in Bestsellers: The most popular items in Rucksacks & Trekking Backpacks,N/A,N/A,N/A
N/A,N/A,N/A,N/A,N/A
https://www.amazon.in/American-Tourister-BACKPACK-COMPARTMENT-ORGANIZER/dp/B0BTD4FK9G,"Buy American Tourister VALEX BLUE LAPTOP BACKPACK 28 Ltrs,Volume, LAPTOP COMPARTMENT, BOTTLE POCKET, FRONT ORGANIZER from Laptop Backpacks at Amazon.in. 30 days free exchange or return",B0BTD4FK9G,"A backpack isn’t just a bag. It’s a cache, a case, a mobile base of sorts. And it is a reflection of the care you’ve put into selecting the ideal loadout of items to keep on you. Introducing Valex, a modern everyday backpacks collections are available in a variety of nice looking colours to express your true self",Brand: American Tourister
N/A,N/A,N/A,N/A,N/A
https://www.amazon.in/b/ref=sxts_spks_0_0_5b47f725-4fa5-48ae-98f9-662935e233b4?node=21102587031&pd_rd_w=siO0O&content-id=amzn1.sym.5b47f725-4fa5-48ae-98f9-662935e233b4:amzn1.sym.5b47f725-4fa5-48ae-98f9-662935e233b4&pf_rd_p=5b47f725-4fa5-48ae-98f9-662935e233b4&pf_rd_r=GN9YK5QFBNWWXYP7V48S&pd_rd_wg=nhxiE&pd_rd_r=5052ca68-dd79-4c13-8ae9-fc7c182bc3d7&qid=1692697793,N/A,N/A,N/A,N/A
N/A,N/A,N/A,N/A,N/A
N/A,N/A,N/A,N/A,N/A
N/A,N/A,N/A,N/A,N/A
https://www.amazon.in/American-Tourister-BACKPACK-COMPARTMENT-ORGANIZER/dp/B0BTD4FK9G,"Buy American Tourister VALEX BLUE LAPTOP BACKPACK 28 Ltrs,Volume, LAPTOP COMPARTMENT, BOTTLE POCKET, FRONT ORGANIZER from Laptop Backpacks at Amazon.in. 30 days free exchange or return",B0BTD4FK9G,"A backpack isn’t just a bag. It’s a cache, a case, a mobile base of sorts. And it is a reflection of the care you’ve put into selecting the ideal loadout of items to keep on you. Introducing Valex, a modern everyday backpacks collections are available in a variety of nice looking colours to express your true self",Brand: American Tourister
N/A,N/A,N/A,N/A,N/A
https://www.amazon.in/b/ref=sxts_spks_0_0_5b47f725-4fa5-48ae-98f9-662935e233b4?node=21102587031&pd_rd_w=B82oA&content-id=amzn1.sym.5b47f725-4fa5-48ae-98f9-662935e233b4:amzn1.sym.5b47f725-4fa5-48ae-98f9-662935e233b4&pf_rd_p=5b47f725-4fa5-48ae-98f9-662935e233b4&pf_rd_r=QA28BX01B3J1R2WCJKZ3&pd_rd_wg=RVEtd&pd_rd_r=95b8b7c1-38e5-45d7-a57c-566360456619&qid=1692697795,N/A,N/A,N/A,N/A
N/A,N/A,N/A,N/A,N/A
https://www.amazon.in/Skybags-Brat-Black-Casual-Backpack/dp/B08Z1HHHTD,Skybags Brat Black 46 Cms Casual Backpack : Amazon.in: Fashion,B08Z1HHHTD,"Ideal for a college student who does not carry a lot of books or laptop to college. Very stylish, slim and feature loaded Backpack",Visit the Skybags Store
N/A,N/A,N/A,N/A,N/A
https://www.amazon.in/gp/bestsellers/luggage/1984997031/ref=sr_bs_7_1984997031_1,Amazon.in Bestsellers: The most popular items in Rucksacks & Trekking Backpacks,N/A,N/A,N/A
N/A,N/A,N/A,N/A,N/A
N/A,N/A,N/A,N/A,N/A
https://www.amazon.in/b/ref=sxts_spks_0_0_dbb31dc2-f6c4-487f-9f15-03751dec7efa?node=21102587031&pd_rd_w=MV3qD&content-id=amzn1.sym.dbb31dc2-f6c4-487f-9f15-03751dec7efa:amzn1.sym.dbb31dc2-f6c4-487f-9f15-03751dec7efa&pf_rd_p=dbb31dc2-f6c4-487f-9f15-03751dec7efa&pf_rd_r=YZJAN1T0AC3DRC0K998F&pd_rd_wg=TSCbX&pd_rd_r=f484365c-ef52-4555-9307-e181e76d9582&qid=1692697798,N/A,N/A,N/A,N/A
N/A,N/A,N/A,N/A,N/A
N/A,N/A,N/A,N/A,N/A
https://www.amazon.in/Half-Moon-Resistant-Backpack-Compartment/dp/B0BJ32LQ6X,"Buy Half Moon Large 35 Ltrs Water Resistant 17.3"" Laptop Bag for Men/Backpack for Men, Black | Office Bag for Men/Office Bag for Women with Padded Laptop Compartment | Spacious & Multiple Pockets from Laptop Backpacks at Amazon.in. 30 days free exchange or return",B09VCLZ3K4,"This backpack is lightweight water-resistant, capacity of approx 37 Ltr, has a soft and ventilated back panel, and is perfect for carrying all your necessities. Adjustable and breathable padded shoulder strap to meet different requirements for both men and women; made from highly rip and water-resistant polyester fabric, provide strengthen and long-lasting performance; roomy enough for your traveling requirements also having a Rain cover.",Visit the Half Moon Store
https://www.amazon.in/gp/bestsellers/luggage/1984997031/ref=sr_bs_7_1984997031_1,Amazon.in Bestsellers: The most popular items in Rucksacks & Trekking Backpacks,N/A,N/A,N/A
N/A,N/A,N/A,N/A,N/A
N/A,N/A,N/A,N/A,N/A
https://www.amazon.in/b/ref=sxts_spks_0_0_5b47f725-4fa5-48ae-98f9-662935e233b4?node=21102587031&pd_rd_w=TDkZU&content-id=amzn1.sym.5b47f725-4fa5-48ae-98f9-662935e233b4:amzn1.sym.5b47f725-4fa5-48ae-98f9-662935e233b4&pf_rd_p=5b47f725-4fa5-48ae-98f9-662935e233b4&pf_rd_r=DCA6B82KWRRNX411SSGM&pd_rd_wg=Ohfgy&pd_rd_r=6215dc3a-1814-45a2-a266-434da37d2880&qid=1692697800,N/A,N/A,N/A,N/A
N/A,N/A,N/A,N/A,N/A
N/A,N/A,N/A,N/A,N/A
https://www.amazon.in/gp/bestsellers/luggage/1984997031/ref=sr_bs_7_1984997031_1,Amazon.in Bestsellers: The most popular items in Rucksacks & Trekking Backpacks,N/A,N/A,N/A
N/A,N/A,N/A,N/A,N/A
N/A,N/A,N/A,N/A,N/A
https://www.amazon.in/b/ref=sxts_spks_0_0_5b47f725-4fa5-48ae-98f9-662935e233b4?node=21102587031&pd_rd_w=avQp3&content-id=amzn1.sym.5b47f725-4fa5-48ae-98f9-662935e233b4:amzn1.sym.5b47f725-4fa5-48ae-98f9-662935e233b4&pf_rd_p=5b47f725-4fa5-48ae-98f9-662935e233b4&pf_rd_r=5TGW61MV4GF4DXJTEJ0T&pd_rd_wg=SUizh&pd_rd_r=f0f06c24-2a80-4a86-9a38-ebf18610603f&qid=1692697803,N/A,N/A,N/A,N/A
N/A,N/A,N/A,N/A,N/A
N/A,N/A,N/A,N/A,N/A
https://www.amazon.in/gp/bestsellers/luggage/1984997031/ref=sr_bs_7_1984997031_1,Amazon.in Bestsellers: The most popular items in Rucksacks & Trekking Backpacks,N/A,N/A,N/A
N/A,N/A,N/A,N/A,N/A
N/A,N/A,N/A,N/A,N/A
https://www.amazon.in/b/ref=sxts_spks_0_0_5b47f725-4fa5-48ae-98f9-662935e233b4?node=21102587031&pd_rd_w=5Sscd&content-id=amzn1.sym.5b47f725-4fa5-48ae-98f9-662935e233b4:amzn1.sym.5b47f725-4fa5-48ae-98f9-662935e233b4&pf_rd_p=5b47f725-4fa5-48ae-98f9-662935e233b4&pf_rd_r=ZFQ4WWK4270H4P18NK09&pd_rd_wg=4bUoe&pd_rd_r=1397fb6b-cf82-4243-a0d5-4b3152cf4955&qid=1692697815,N/A,N/A,N/A,N/A
N/A,N/A,N/A,N/A,N/A
N/A,N/A,N/A,N/A,N/A
https://www.amazon.in/gp/bestsellers/luggage/1984997031/ref=sr_bs_7_1984997031_1,Amazon.in Bestsellers: The most popular items in Rucksacks & Trekking Backpacks,N/A,N/A,N/A
N/A,N/A,N/A,N/A,N/A
https://www.amazon.in/Gear-Classic-Leather-Backpack-LBPCLSLTH0201/dp/B07G4F6XFH,Buy Gear Classic 20L Small Size Faux Leather Water Resistant Anti Theft Unisex Laptop Backpack- Brown from Laptop Backpacks at Amazon.in. 30 days free exchange or return,B07G4F6XFH,"Gear bags are designed for the quick commute as well for the long journey. these backpacks can be used as laptop bags,adventure bags and so on. Your favorite travel companion, The backpacks come with enough storage space to carry all your requirements.",Visit the Gear Store
N/A,N/A,N/A,N/A,N/A
https://www.amazon.in/b/ref=sxts_spks_0_0_dbb31dc2-f6c4-487f-9f15-03751dec7efa?node=21102587031&pd_rd_w=d0ZHt&content-id=amzn1.sym.dbb31dc2-f6c4-487f-9f15-03751dec7efa:amzn1.sym.dbb31dc2-f6c4-487f-9f15-03751dec7efa&pf_rd_p=dbb31dc2-f6c4-487f-9f15-03751dec7efa&pf_rd_r=91YC818DJD627Q1DV3RE&pd_rd_wg=Sz4vG&pd_rd_r=a746b4d3-da63-45a3-8d3a-f2699682358a&qid=1692697820,N/A,N/A,N/A,N/A
N/A,N/A,N/A,N/A,N/A
N/A,N/A,N/A,N/A,N/A
https://www.amazon.in/gp/bestsellers/luggage/1984997031/ref=sr_bs_7_1984997031_1,Amazon.in Bestsellers: The most popular items in Rucksacks & Trekking Backpacks,N/A,N/A,N/A
N/A,N/A,N/A,N/A,N/A
https://www.amazon.in/s/?k=bags+for+girls&ref=sugsr_0&pd_rd_w=ICZ2m&content-id=amzn1.sym.f0166a2b-0975-4017-be10-7ecf88afb403:amzn1.sym.f0166a2b-0975-4017-be10-7ecf88afb403&pf_rd_p=f0166a2b-0975-4017-be10-7ecf88afb403&pf_rd_r=91YC818DJD627Q1DV3RE&pd_rd_wg=1TeBL&pd_rd_r=7ce0180e-9cb6-4828-aac1-8cd312c21736&qid=1692697820,Amazon.in: bags for girls,N/A,N/A,N/A
N/A,N/A,N/A,N/A,N/A
https://www.amazon.in/b/ref=sxts_spks_0_0_5b47f725-4fa5-48ae-98f9-662935e233b4?node=21102587031&pd_rd_w=wncGL&content-id=amzn1.sym.5b47f725-4fa5-48ae-98f9-662935e233b4:amzn1.sym.5b47f725-4fa5-48ae-98f9-662935e233b4&pf_rd_p=5b47f725-4fa5-48ae-98f9-662935e233b4&pf_rd_r=0Q8RF6C97549E0YQ4HTZ&pd_rd_wg=flsPa&pd_rd_r=4d0a631c-147f-498b-b498-158c0b785811&qid=1692697826,N/A,N/A,N/A,N/A
N/A,N/A,N/A,N/A,N/A
N/A,N/A,N/A,N/A,N/A
https://www.amazon.in/gp/bestsellers/luggage/1984997031/ref=sr_bs_7_1984997031_1,Amazon.in Bestsellers: The most popular items in Rucksacks & Trekking Backpacks,N/A,N/A,N/A
N/A,N/A,N/A,N/A,N/A
N/A,N/A,N/A,N/A,N/A
https://www.amazon.in/b/ref=sxts_spks_0_0_dbb31dc2-f6c4-487f-9f15-03751dec7efa?node=21102587031&pd_rd_w=KwzbX&content-id=amzn1.sym.dbb31dc2-f6c4-487f-9f15-03751dec7efa:amzn1.sym.dbb31dc2-f6c4-487f-9f15-03751dec7efa&pf_rd_p=dbb31dc2-f6c4-487f-9f15-03751dec7efa&pf_rd_r=M7BJ1MRDKKGDJJX9WCNJ&pd_rd_wg=rlR6u&pd_rd_r=8934a281-eb3f-47fc-b870-e57c70c8e1b5&qid=1692697828,N/A,N/A,N/A,N/A
N/A,N/A,N/A,N/A,N/A
N/A,N/A,N/A,N/A,N/A
https://www.amazon.in/gp/bestsellers/luggage/1984997031/ref=sr_bs_7_1984997031_1,Amazon.in Bestsellers: The most popular items in Rucksacks & Trekking Backpacks,N/A,N/A,N/A
N/A,N/A,N/A,N/A,N/A
N/A,N/A,N/A,N/A,N/A
https://www.amazon.in/b/ref=sxts_spks_0_0_5b47f725-4fa5-48ae-98f9-662935e233b4?node=21102587031&pd_rd_w=RoFjf&content-id=amzn1.sym.5b47f725-4fa5-48ae-98f9-662935e233b4:amzn1.sym.5b47f725-4fa5-48ae-98f9-662935e233b4&pf_rd_p=5b47f725-4fa5-48ae-98f9-662935e233b4&pf_rd_r=8D9KRYQ9D1BM1AVYXPPB&pd_rd_wg=tLJbv&pd_rd_r=58147015-92bc-4634-8ff4-086d8cf8e3c0&qid=1692697830,N/A,N/A,N/A,N/A
N/A,N/A,N/A,N/A,N/A
N/A,N/A,N/A,N/A,N/A
https://www.amazon.in/gp/bestsellers/luggage/1984997031/ref=sr_bs_7_1984997031_1,Amazon.in Bestsellers: The most popular items in Rucksacks & Trekking Backpacks,N/A,N/A,N/A
N/A,N/A,N/A,N/A,N/A
N/A,N/A,N/A,N/A,N/A
https://www.amazon.in/b/ref=sxts_spks_0_0_dbb31dc2-f6c4-487f-9f15-03751dec7efa?node=21102587031&pd_rd_w=3CEQU&content-id=amzn1.sym.dbb31dc2-f6c4-487f-9f15-03751dec7efa:amzn1.sym.dbb31dc2-f6c4-487f-9f15-03751dec7efa&pf_rd_p=dbb31dc2-f6c4-487f-9f15-03751dec7efa&pf_rd_r=J26BNDBCNCH529B6316N&pd_rd_wg=yYDAm&pd_rd_r=721b85de-322c-485a-85ca-f812444b106f&qid=1692697833,N/A,N/A,N/A,N/A
N/A,N/A,N/A,N/A,N/A
https://www.amazon.in/s/ref=sxin_15_trfobq2av2?rh=n%3A14737350031&k=bags&i=specialty-aps&srs=14737350031&pd_rd_w=WPLeq&content-id=amzn1.sym.7abeb195-8e0b-4e74-aede-b7cb234213a5:amzn1.sym.7abeb195-8e0b-4e74-aede-b7cb234213a5&pf_rd_p=7abeb195-8e0b-4e74-aede-b7cb234213a5&pf_rd_r=J26BNDBCNCH529B6316N&pd_rd_wg=nkpwd&pd_rd_r=60926780-9725-44a4-b08c-7bb73d28de76&qid=1692697833,Online shopping from a great selection at Private-Brands Store.,N/A,N/A,N/A
N/A,N/A,N/A,N/A,N/A
https://www.amazon.in/gp/bestsellers/luggage/1984997031/ref=sr_bs_7_1984997031_1,Amazon.in Bestsellers: The most popular items in Rucksacks & Trekking Backpacks,N/A,N/A,N/A
N/A,N/A,N/A,N/A,N/A
https://www.amazon.in/American-Tourister-BACKPACK-COMPARTMENT-ORGANIZER/dp/B0BTD4FK9G,"Buy American Tourister VALEX BLUE LAPTOP BACKPACK 28 Ltrs,Volume, LAPTOP COMPARTMENT, BOTTLE POCKET, FRONT ORGANIZER from Laptop Backpacks at Amazon.in. 30 days free exchange or return",B0BTD4FK9G,"A backpack isn’t just a bag. It’s a cache, a case, a mobile base of sorts. And it is a reflection of the care you’ve put into selecting the ideal loadout of items to keep on you. Introducing Valex, a modern everyday backpacks collections are available in a variety of nice looking colours to express your true self",Brand: American Tourister
N/A,N/A,N/A,N/A,N/A
https://www.amazon.in/b/ref=sxts_spks_0_0_dbb31dc2-f6c4-487f-9f15-03751dec7efa?node=21102587031&pd_rd_w=jilZs&content-id=amzn1.sym.dbb31dc2-f6c4-487f-9f15-03751dec7efa:amzn1.sym.dbb31dc2-f6c4-487f-9f15-03751dec7efa&pf_rd_p=dbb31dc2-f6c4-487f-9f15-03751dec7efa&pf_rd_r=65BTX58A171K2XZPN0CD&pd_rd_wg=Nhyrq&pd_rd_r=dbc92479-594a-44a3-90de-3fd45601e9ff&qid=1692697837,N/A,N/A,N/A,N/A
N/A,N/A,N/A,N/A,N/A
N/A,N/A,N/A,N/A,N/A
https://www.amazon.in/gp/bestsellers/luggage/1984997031/ref=sr_bs_7_1984997031_1,Amazon.in Bestsellers: The most popular items in Rucksacks & Trekking Backpacks,N/A,N/A,N/A
N/A,N/A,N/A,N/A,N/A
N/A,N/A,N/A,N/A,N/A
N/A,N/A,N/A,N/A,N/A
N/A,N/A,N/A,N/A,N/A
https://www.amazon.in/TRUE-HUMAN-Anti-Theft-backpack-charging/dp/B09QJ7ZF2Y,Buy TRUE HUMAN EMPEROR® Anti-Theft backpack With USB charging Port Laptop bag/Office bag/college bag/travel bag with anti -theft back pocket (LEGEND) from Laptop Backpacks at Amazon.in. 30 days free exchange or return,B09QJ7ZF2Y,N/A,Visit the TRUE HUMAN Store
https://www.amazon.in/gp/bestsellers/luggage/1984997031/ref=sr_bs_7_1984997031_1,Amazon.in Bestsellers: The most popular items in Rucksacks & Trekking Backpacks,N/A,N/A,N/A
N/A,N/A,N/A,N/A,N/A
N/A,N/A,N/A,N/A,N/A
https://www.amazon.in/b/ref=sxts_spks_0_0_dbb31dc2-f6c4-487f-9f15-03751dec7efa?node=21102587031&pd_rd_w=VBW7o&content-id=amzn1.sym.dbb31dc2-f6c4-487f-9f15-03751dec7efa:amzn1.sym.dbb31dc2-f6c4-487f-9f15-03751dec7efa&pf_rd_p=dbb31dc2-f6c4-487f-9f15-03751dec7efa&pf_rd_r=MFWAT5X4NEJGK26A4XHB&pd_rd_wg=uPEXO&pd_rd_r=c71ecdc0-4d9f-4b92-b515-2cd032a69119&qid=1692697857,N/A,N/A,N/A,N/A
N/A,N/A,N/A,N/A,N/A
N/A,N/A,N/A,N/A,N/A
https://www.amazon.in/gp/bestsellers/luggage/1984997031/ref=sr_bs_7_1984997031_1,Amazon.in Bestsellers: The most popular items in Rucksacks & Trekking Backpacks,N/A,N/A,N/A
N/A,N/A,N/A,N/A,N/A
https://www.amazon.in/s/?k=bags+for+girls&ref=sugsr_0&pd_rd_w=F76RH&content-id=amzn1.sym.f0166a2b-0975-4017-be10-7ecf88afb403:amzn1.sym.f0166a2b-0975-4017-be10-7ecf88afb403&pf_rd_p=f0166a2b-0975-4017-be10-7ecf88afb403&pf_rd_r=MFWAT5X4NEJGK26A4XHB&pd_rd_wg=K8pHU&pd_rd_r=b3384321-7040-4a42-aaa7-cb07e0ce81f4&qid=1692697857,Amazon.in: bags for girls,N/A,N/A,N/A
N/A,N/A,N/A,N/A,N/A
https://www.amazon.in/b/ref=sxts_spks_0_0_dbb31dc2-f6c4-487f-9f15-03751dec7efa?node=21102587031&pd_rd_w=42K1X&content-id=amzn1.sym.dbb31dc2-f6c4-487f-9f15-03751dec7efa:amzn1.sym.dbb31dc2-f6c4-487f-9f15-03751dec7efa&pf_rd_p=dbb31dc2-f6c4-487f-9f15-03751dec7efa&pf_rd_r=J46E42DHTKEXP857VVVT&pd_rd_wg=RthrZ&pd_rd_r=f616d216-4446-4261-b629-0d8dca7bdd84&qid=1692697860,N/A,N/A,N/A,N/A
N/A,N/A,N/A,N/A,N/A
N/A,N/A,N/A,N/A,N/A
https://www.amazon.in/gp/bestsellers/luggage/1984997031/ref=sr_bs_7_1984997031_1,Amazon.in Bestsellers: The most popular items in Rucksacks & Trekking Backpacks,N/A,N/A,N/A
N/A,N/A,N/A,N/A,N/A
N/A,N/A,N/A,N/A,N/A
https://www.amazon.in/b/ref=sxts_spks_0_0_5b47f725-4fa5-48ae-98f9-662935e233b4?node=21102587031&pd_rd_w=PICBL&content-id=amzn1.sym.5b47f725-4fa5-48ae-98f9-662935e233b4:amzn1.sym.5b47f725-4fa5-48ae-98f9-662935e233b4&pf_rd_p=5b47f725-4fa5-48ae-98f9-662935e233b4&pf_rd_r=E4QSW4V9JZ460J6CYABH&pd_rd_wg=0fQdU&pd_rd_r=dfd51b9b-e458-4eca-8aaa-a78dbc3cc54c&qid=1692697869,N/A,N/A,N/A,N/A
N/A,N/A,N/A,N/A,N/A
N/A,N/A,N/A,N/A,N/A
https://www.amazon.in/gp/bestsellers/luggage/1984997031/ref=sr_bs_7_1984997031_1,Amazon.in Bestsellers: The most popular items in Rucksacks & Trekking Backpacks,N/A,N/A,N/A
N/A,N/A,N/A,N/A,N/A
N/A,N/A,N/A,N/A,N/A
https://www.amazon.in/b/ref=sxts_spks_0_0_5b47f725-4fa5-48ae-98f9-662935e233b4?node=21102587031&pd_rd_w=mEJTA&content-id=amzn1.sym.5b47f725-4fa5-48ae-98f9-662935e233b4:amzn1.sym.5b47f725-4fa5-48ae-98f9-662935e233b4&pf_rd_p=5b47f725-4fa5-48ae-98f9-662935e233b4&pf_rd_r=6T65MJKQ3N7TV7C6VTMB&pd_rd_wg=1Q5ds&pd_rd_r=e9d56f78-e522-4943-9ea1-b4673be49288&qid=1692697890,N/A,N/A,N/A,N/A
N/A,N/A,N/A,N/A,N/A
N/A,N/A,N/A,N/A,N/A
https://www.amazon.in/gp/bestsellers/luggage/1984997031/ref=sr_bs_7_1984997031_1,Amazon.in Bestsellers: The most popular items in Rucksacks & Trekking Backpacks,N/A,N/A,N/A
N/A,N/A,N/A,N/A,N/A
N/A,N/A,N/A,N/A,N/A
https://www.amazon.in/b/ref=sxts_spks_0_0_5b47f725-4fa5-48ae-98f9-662935e233b4?node=21102587031&pd_rd_w=pL2Zl&content-id=amzn1.sym.5b47f725-4fa5-48ae-98f9-662935e233b4:amzn1.sym.5b47f725-4fa5-48ae-98f9-662935e233b4&pf_rd_p=5b47f725-4fa5-48ae-98f9-662935e233b4&pf_rd_r=Y0TH4V66DTF3Q878RFZ5&pd_rd_wg=J2F7Y&pd_rd_r=4f3cd0f9-a27c-40c9-96f7-40d78f7464e4&qid=1692697892,N/A,N/A,N/A,N/A
N/A,N/A,N/A,N/A,N/A
N/A,N/A,N/A,N/A,N/A
https://www.amazon.in/gp/bestsellers/luggage/1984997031/ref=sr_bs_7_1984997031_1,Amazon.in Bestsellers: The most popular items in Rucksacks & Trekking Backpacks,N/A,N/A,N/A
N/A,N/A,N/A,N/A,N/A
https://www.amazon.in/Gear-Classic-Leather-Backpack-LBPCLSLTH0201/dp/B07G4F6XFH,Buy Gear Classic 20L Small Size Faux Leather Water Resistant Anti Theft Unisex Laptop Backpack- Brown from Laptop Backpacks at Amazon.in. 30 days free exchange or return,B07G4F6XFH,"Gear bags are designed for the quick commute as well for the long journey. these backpacks can be used as laptop bags,adventure bags and so on. Your favorite travel companion, The backpacks come with enough storage space to carry all your requirements.",Visit the Gear Store
N/A,N/A,N/A,N/A,N/A
https://www.amazon.in/b/ref=sxts_spks_0_0_dbb31dc2-f6c4-487f-9f15-03751dec7efa?node=21102587031&pd_rd_w=YNwlL&content-id=amzn1.sym.dbb31dc2-f6c4-487f-9f15-03751dec7efa:amzn1.sym.dbb31dc2-f6c4-487f-9f15-03751dec7efa&pf_rd_p=dbb31dc2-f6c4-487f-9f15-03751dec7efa&pf_rd_r=YEM44T0GCZKJQ4V77X6C&pd_rd_wg=mLPEO&pd_rd_r=5fedd699-a905-4a34-8aea-33f31a65fdfa&qid=1692697895,N/A,N/A,N/A,N/A
N/A,N/A,N/A,N/A,N/A
N/A,N/A,N/A,N/A,N/A
https://www.amazon.in/TRUE-HUMAN-Anti-Theft-backpack-charging/dp/B09QJ7ZF2Y,Buy TRUE HUMAN EMPEROR® Anti-Theft backpack With USB charging Port Laptop bag/Office bag/college bag/travel bag with anti -theft back pocket (LEGEND) from Laptop Backpacks at Amazon.in. 30 days free exchange or return,B09QJ7ZF2Y,N/A,Visit the TRUE HUMAN Store
https://www.amazon.in/gp/bestsellers/luggage/1984997031/ref=sr_bs_7_1984997031_1,Amazon.in Bestsellers: The most popular items in Rucksacks & Trekking Backpacks,N/A,N/A,N/A
N/A,N/A,N/A,N/A,N/A
N/A,N/A,N/A,N/A,N/A
N/A,N/A,N/A,N/A,N/A
N/A,N/A,N/A,N/A,N/A
https://www.amazon.in/gp/bestsellers/luggage/1984997031/ref=sr_bs_7_1984997031_1,Amazon.in Bestsellers: The most popular items in Rucksacks & Trekking Backpacks,N/A,N/A,N/A
N/A,N/A,N/A,N/A,N/A
https://www.amazon.in/Backpack-Small-Black-Water-Repellant/dp/B088XB5XY8,"Mi Step Out 12 L Mini Backpack (Small Size, Black, Water Repellant) : Amazon.in: Bags, Wallets and Luggage",B088XB5XY8,N/A,Brand: MI
N/A,N/A,N/A,N/A,N/A
https://www.amazon.in/b/ref=sxts_spks_0_0_5b47f725-4fa5-48ae-98f9-662935e233b4?node=21102587031&pd_rd_w=GtMiH&content-id=amzn1.sym.5b47f725-4fa5-48ae-98f9-662935e233b4:amzn1.sym.5b47f725-4fa5-48ae-98f9-662935e233b4&pf_rd_p=5b47f725-4fa5-48ae-98f9-662935e233b4&pf_rd_r=4WWA2014WQMBVJYV81RD&pd_rd_wg=YoCUR&pd_rd_r=84133bb1-f92e-4771-95dd-77d57ede18e1&qid=1692697912,N/A,N/A,N/A,N/A
N/A,N/A,N/A,N/A,N/A
N/A,N/A,N/A,N/A,N/A
N/A,N/A,N/A,N/A,N/A
https://www.amazon.in/Gear-Classic-Leather-Backpack-LBPCLSLTH0201/dp/B07G4F6XFH,Buy Gear Classic 20L Small Size Faux Leather Water Resistant Anti Theft Unisex Laptop Backpack- Brown from Laptop Backpacks at Amazon.in. 30 days free exchange or return,B07G4F6XFH,"Gear bags are designed for the quick commute as well for the long journey. these backpacks can be used as laptop bags,adventure bags and so on. Your favorite travel companion, The backpacks come with enough storage space to carry all your requirements.",Visit the Gear Store
N/A,N/A,N/A,N/A,N/A
N/A,N/A,N/A,N/A,N/A
N/A,N/A,N/A,N/A,N/A
https://www.amazon.in/gp/bestsellers/luggage/1984997031/ref=sr_bs_7_1984997031_1,Amazon.in Bestsellers: The most popular items in Rucksacks & Trekking Backpacks,N/A,N/A,N/A
N/A,N/A,N/A,N/A,N/A
N/A,N/A,N/A,N/A,N/A
https://www.amazon.in/b/ref=sxts_spks_0_0_5b47f725-4fa5-48ae-98f9-662935e233b4?node=21102587031&pd_rd_w=klBKA&content-id=amzn1.sym.5b47f725-4fa5-48ae-98f9-662935e233b4:amzn1.sym.5b47f725-4fa5-48ae-98f9-662935e233b4&pf_rd_p=5b47f725-4fa5-48ae-98f9-662935e233b4&pf_rd_r=PJEWEDRRBDJ5RWY50EYG&pd_rd_wg=wEinC&pd_rd_r=010cb53d-0f3c-4e5c-b630-06641b174525&qid=1692697939,N/A,N/A,N/A,N/A
N/A,N/A,N/A,N/A,N/A
N/A,N/A,N/A,N/A,N/A
https://www.amazon.in/gp/bestsellers/luggage/1984997031/ref=sr_bs_7_1984997031_1,Amazon.in Bestsellers: The most popular items in Rucksacks & Trekking Backpacks,N/A,N/A,N/A
N/A,N/A,N/A,N/A,N/A
https://www.amazon.in/s/?k=bags+for+girls&ref=sugsr_0&pd_rd_w=TVR9j&content-id=amzn1.sym.f0166a2b-0975-4017-be10-7ecf88afb403:amzn1.sym.f0166a2b-0975-4017-be10-7ecf88afb403&pf_rd_p=f0166a2b-0975-4017-be10-7ecf88afb403&pf_rd_r=PJEWEDRRBDJ5RWY50EYG&pd_rd_wg=BqsBn&pd_rd_r=fb529675-e2cb-41b9-a493-1d321b20392d&qid=1692697939,Amazon.in: bags for girls,N/A,N/A,N/A
N/A,N/A,N/A,N/A,N/A
https://www.amazon.in/b/ref=sxts_spks_0_0_dbb31dc2-f6c4-487f-9f15-03751dec7efa?node=21102587031&pd_rd_w=IXmrR&content-id=amzn1.sym.dbb31dc2-f6c4-487f-9f15-03751dec7efa:amzn1.sym.dbb31dc2-f6c4-487f-9f15-03751dec7efa&pf_rd_p=dbb31dc2-f6c4-487f-9f15-03751dec7efa&pf_rd_r=N73E4AA9R3Q587RS517Z&pd_rd_wg=J4jVR&pd_rd_r=d847c91e-0777-4e3d-b863-9b0ae6a3e7a0&qid=1692697953,N/A,N/A,N/A,N/A
N/A,N/A,N/A,N/A,N/A
N/A,N/A,N/A,N/A,N/A
https://www.amazon.in/gp/bestsellers/luggage/1984997031/ref=sr_bs_7_1984997031_1,Amazon.in Bestsellers: The most popular items in Rucksacks & Trekking Backpacks,N/A,N/A,N/A
N/A,N/A,N/A,N/A,N/A
N/A,N/A,N/A,N/A,N/A
https://www.amazon.in/b/ref=sxts_spks_0_0_dbb31dc2-f6c4-487f-9f15-03751dec7efa?node=21102587031&pd_rd_w=5ie4a&content-id=amzn1.sym.dbb31dc2-f6c4-487f-9f15-03751dec7efa:amzn1.sym.dbb31dc2-f6c4-487f-9f15-03751dec7efa&pf_rd_p=dbb31dc2-f6c4-487f-9f15-03751dec7efa&pf_rd_r=Q37STA7XV31ZRF0X9YM0&pd_rd_wg=sir2H&pd_rd_r=d3da82c5-ef37-4c60-9506-80fd43696ff0&qid=1692697958,N/A,N/A,N/A,N/A
N/A,N/A,N/A,N/A,N/A
N/A,N/A,N/A,N/A,N/A
https://www.amazon.in/gp/bestsellers/luggage/1984997031/ref=sr_bs_7_1984997031_1,Amazon.in Bestsellers: The most popular items in Rucksacks & Trekking Backpacks,N/A,N/A,N/A
N/A,N/A,N/A,N/A,N/A
N/A,N/A,N/A,N/A,N/A
https://www.amazon.in/b/ref=sxts_spks_0_0_dbb31dc2-f6c4-487f-9f15-03751dec7efa?node=21102587031&pd_rd_w=I4vpC&content-id=amzn1.sym.dbb31dc2-f6c4-487f-9f15-03751dec7efa:amzn1.sym.dbb31dc2-f6c4-487f-9f15-03751dec7efa&pf_rd_p=dbb31dc2-f6c4-487f-9f15-03751dec7efa&pf_rd_r=QNT0VCZA7BPDQPAR8AWM&pd_rd_wg=Bz8hX&pd_rd_r=0d06fdf0-8fad-468b-930b-74600a227815&qid=1692697960,N/A,N/A,N/A,N/A
N/A,N/A,N/A,N/A,N/A
N/A,N/A,N/A,N/A,N/A
https://www.amazon.in/gp/bestsellers/luggage/1984997031/ref=sr_bs_7_1984997031_1,Amazon.in Bestsellers: The most popular items in Rucksacks & Trekking Backpacks,N/A,N/A,N/A
N/A,N/A,N/A,N/A,N/A
N/A,N/A,N/A,N/A,N/A
https://www.amazon.in/b/ref=sxts_spks_0_0_5b47f725-4fa5-48ae-98f9-662935e233b4?node=21102587031&pd_rd_w=0lgYd&content-id=amzn1.sym.5b47f725-4fa5-48ae-98f9-662935e233b4:amzn1.sym.5b47f725-4fa5-48ae-98f9-662935e233b4&pf_rd_p=5b47f725-4fa5-48ae-98f9-662935e233b4&pf_rd_r=77CACDHRRAAZJAFN56BJ&pd_rd_wg=cK55h&pd_rd_r=c3b02d1c-30d9-4c47-b01a-e573530d585b&qid=1692697966,N/A,N/A,N/A,N/A
N/A,N/A,N/A,N/A,N/A
https://www.amazon.in/Dyazo-Backpack-Business-Notebook-computer/dp/B0C7HC675G?sbo=RZvfv%2F%2FHxDF%2BO5021pAnSA%3D%3D,"Amazon.in: Buy Dyazo Slim 15.6 inch Laptop Backpack Business Notebook computer bag suitable for office College School Men & Women online at low price in India on Amazon.in. Check out Dyazo Slim 15.6 inch Laptop Backpack Business Notebook computer bag suitable for office College School Men & Women reviews, ratings, features, specifications and more at Amazon.in",B0C7HC675G,"DURABLE & COMFORTABLE Oxford Fabric Thanks to dyazo slim backpack Water-Resistant And Scratch-Resistant fabric Offers Long Life And Can Be Used As A Daily Backpack, Work Backpack or A Study Bookbag, Sutable As A Business Laptop Backpack For Men Women Adult Teens Or Daily Use Anywhere",Visit the Dyazo Store
N/A,N/A,N/A,N/A,N/A
https://www.amazon.in/gp/bestsellers/luggage/1984997031/ref=sr_bs_7_1984997031_1,Amazon.in Bestsellers: The most popular items in Rucksacks & Trekking Backpacks,N/A,N/A,N/A
N/A,N/A,N/A,N/A,N/A
https://www.amazon.in/Gear-Classic-Leather-Backpack-LBPCLSLTH0201/dp/B07G4F6XFH,Buy Gear Classic 20L Small Size Faux Leather Water Resistant Anti Theft Unisex Laptop Backpack- Brown from Laptop Backpacks at Amazon.in. 30 days free exchange or return,B07G4F6XFH,"Gear bags are designed for the quick commute as well for the long journey. these backpacks can be used as laptop bags,adventure bags and so on. Your favorite travel companion, The backpacks come with enough storage space to carry all your requirements.",Visit the Gear Store
N/A,N/A,N/A,N/A,N/A
https://www.amazon.in/b/ref=sxts_spks_0_0_5b47f725-4fa5-48ae-98f9-662935e233b4?node=21102587031&pd_rd_w=lMsKp&content-id=amzn1.sym.5b47f725-4fa5-48ae-98f9-662935e233b4:amzn1.sym.5b47f725-4fa5-48ae-98f9-662935e233b4&pf_rd_p=5b47f725-4fa5-48ae-98f9-662935e233b4&pf_rd_r=84H8WHT896CH4YF818VZ&pd_rd_wg=euJBm&pd_rd_r=a0c07d4d-2bb9-4219-be67-5c175fb3f707&qid=1692697967,N/A,N/A,N/A,N/A
N/A,N/A,N/A,N/A,N/A
N/A,N/A,N/A,N/A,N/A
https://www.amazon.in/gp/bestsellers/luggage/1984997031/ref=sr_bs_7_1984997031_1,Amazon.in Bestsellers: The most popular items in Rucksacks & Trekking Backpacks,N/A,N/A,N/A
N/A,N/A,N/A,N/A,N/A
N/A,N/A,N/A,N/A,N/A
https://www.amazon.in/b/ref=sxts_spks_0_0_5b47f725-4fa5-48ae-98f9-662935e233b4?node=21102587031&pd_rd_w=itmOV&content-id=amzn1.sym.5b47f725-4fa5-48ae-98f9-662935e233b4:amzn1.sym.5b47f725-4fa5-48ae-98f9-662935e233b4&pf_rd_p=5b47f725-4fa5-48ae-98f9-662935e233b4&pf_rd_r=FMQRG4RJQS41C762F7ZB&pd_rd_wg=7zwi9&pd_rd_r=3ba89211-fc75-43b3-906a-750dda63c624&qid=1692697971,N/A,N/A,N/A,N/A
N/A,N/A,N/A,N/A,N/A
N/A,N/A,N/A,N/A,N/A
https://www.amazon.in/gp/bestsellers/luggage/1984997031/ref=sr_bs_7_1984997031_1,Amazon.in Bestsellers: The most popular items in Rucksacks & Trekking Backpacks,N/A,N/A,N/A
N/A,N/A,N/A,N/A,N/A
N/A,N/A,N/A,N/A,N/A
https://www.amazon.in/b/ref=sxts_spks_0_0_dbb31dc2-f6c4-487f-9f15-03751dec7efa?node=21102587031&pd_rd_w=AlmVy&content-id=amzn1.sym.dbb31dc2-f6c4-487f-9f15-03751dec7efa:amzn1.sym.dbb31dc2-f6c4-487f-9f15-03751dec7efa&pf_rd_p=dbb31dc2-f6c4-487f-9f15-03751dec7efa&pf_rd_r=E3RQCD55WSAC8SSXAG2E&pd_rd_wg=Dpwdq&pd_rd_r=27d63302-a2ab-4cb2-8fb8-c66f4fc3c6e0&qid=1692697978,N/A,N/A,N/A,N/A
N/A,N/A,N/A,N/A,N/A
N/A,N/A,N/A,N/A,N/A
https://www.amazon.in/gp/bestsellers/luggage/1984997031/ref=sr_bs_7_1984997031_1,Amazon.in Bestsellers: The most popular items in Rucksacks & Trekking Backpacks,N/A,N/A,N/A
N/A,N/A,N/A,N/A,N/A
https://www.amazon.in/Gear-Classic-Leather-Backpack-LBPCLSLTH0201/dp/B07G4F6XFH,Buy Gear Classic 20L Small Size Faux Leather Water Resistant Anti Theft Unisex Laptop Backpack- Brown from Laptop Backpacks at Amazon.in. 30 days free exchange or return,B07G4F6XFH,"Gear bags are designed for the quick commute as well for the long journey. these backpacks can be used as laptop bags,adventure bags and so on. Your favorite travel companion, The backpacks come with enough storage space to carry all your requirements.",Visit the Gear Store
N/A,N/A,N/A,N/A,N/A
https://www.amazon.in/b/ref=sxts_spks_0_0_dbb31dc2-f6c4-487f-9f15-03751dec7efa?node=21102587031&pd_rd_w=IM2Kf&content-id=amzn1.sym.dbb31dc2-f6c4-487f-9f15-03751dec7efa:amzn1.sym.dbb31dc2-f6c4-487f-9f15-03751dec7efa&pf_rd_p=dbb31dc2-f6c4-487f-9f15-03751dec7efa&pf_rd_r=F2DD24EAV99G3G9W7AF9&pd_rd_wg=L2Jyb&pd_rd_r=75dee008-214e-4ad9-9eef-7c06267f5be4&qid=1692697983,N/A,N/A,N/A,N/A
N/A,N/A,N/A,N/A,N/A
N/A,N/A,N/A,N/A,N/A
https://www.amazon.in/gp/bestsellers/luggage/1984997031/ref=sr_bs_7_1984997031_1,Amazon.in Bestsellers: The most popular items in Rucksacks & Trekking Backpacks,N/A,N/A,N/A
N/A,N/A,N/A,N/A,N/A
https://www.amazon.in/Gear-Classic-Leather-Backpack-LBPCLSLTH0201/dp/B07G4F6XFH,Buy Gear Classic 20L Small Size Faux Leather Water Resistant Anti Theft Unisex Laptop Backpack- Brown from Laptop Backpacks at Amazon.in. 30 days free exchange or return,B07G4F6XFH,"Gear bags are designed for the quick commute as well for the long journey. these backpacks can be used as laptop bags,adventure bags and so on. Your favorite travel companion, The backpacks come with enough storage space to carry all your requirements.",Visit the Gear Store
https://www.amazon.in/American-Tourister-BACKPACK-COMPARTMENT-ORGANIZER/dp/B0BTD4FK9G,"Buy American Tourister VALEX BLUE LAPTOP BACKPACK 28 Ltrs,Volume, LAPTOP COMPARTMENT, BOTTLE POCKET, FRONT ORGANIZER from Laptop Backpacks at Amazon.in. 30 days free exchange or return",B0BTD4FK9G,"A backpack isn’t just a bag. It’s a cache, a case, a mobile base of sorts. And it is a reflection of the care you’ve put into selecting the ideal loadout of items to keep on you. Introducing Valex, a modern everyday backpacks collections are available in a variety of nice looking colours to express your true self",Brand: American Tourister
N/A,N/A,N/A,N/A,N/A
https://www.amazon.in/b/ref=sxts_spks_0_0_dbb31dc2-f6c4-487f-9f15-03751dec7efa?node=21102587031&pd_rd_w=uDtRB&content-id=amzn1.sym.dbb31dc2-f6c4-487f-9f15-03751dec7efa:amzn1.sym.dbb31dc2-f6c4-487f-9f15-03751dec7efa&pf_rd_p=dbb31dc2-f6c4-487f-9f15-03751dec7efa&pf_rd_r=HV0ECAS40WWFV3MT6E2B&pd_rd_wg=WozvF&pd_rd_r=39bc06d3-f98a-40b6-814d-f52bb42f3f75&qid=1692697986,N/A,N/A,N/A,N/A
N/A,N/A,N/A,N/A,N/A
N/A,N/A,N/A,N/A,N/A
https://www.amazon.in/gp/bestsellers/luggage/1984997031/ref=sr_bs_7_1984997031_1,Amazon.in Bestsellers: The most popular items in Rucksacks & Trekking Backpacks,N/A,N/A,N/A
N/A,N/A,N/A,N/A,N/A
N/A,N/A,N/A,N/A,N/A
https://www.amazon.in/b/ref=sxts_spks_0_0_5b47f725-4fa5-48ae-98f9-662935e233b4?node=21102587031&pd_rd_w=qZi2O&content-id=amzn1.sym.5b47f725-4fa5-48ae-98f9-662935e233b4:amzn1.sym.5b47f725-4fa5-48ae-98f9-662935e233b4&pf_rd_p=5b47f725-4fa5-48ae-98f9-662935e233b4&pf_rd_r=SGJW9EC484ZQ9BHB6X3B&pd_rd_wg=ySL1W&pd_rd_r=fc8ac919-d424-42ca-95fd-08237453956c&qid=1692697988,N/A,N/A,N/A,N/A
N/A,N/A,N/A,N/A,N/A
N/A,N/A,N/A,N/A,N/A
https://www.amazon.in/gp/bestsellers/luggage/1984997031/ref=sr_bs_7_1984997031_1,Amazon.in Bestsellers: The most popular items in Rucksacks & Trekking Backpacks,N/A,N/A,N/A
N/A,N/A,N/A,N/A,N/A
N/A,N/A,N/A,N/A,N/A
https://www.amazon.in/b/ref=sxts_spks_0_0_dbb31dc2-f6c4-487f-9f15-03751dec7efa?node=21102587031&pd_rd_w=Tesqq&content-id=amzn1.sym.dbb31dc2-f6c4-487f-9f15-03751dec7efa:amzn1.sym.dbb31dc2-f6c4-487f-9f15-03751dec7efa&pf_rd_p=dbb31dc2-f6c4-487f-9f15-03751dec7efa&pf_rd_r=MD3DJY1PHTBEP5CEE54D&pd_rd_wg=G22x1&pd_rd_r=7337affa-1e05-4def-a72a-ab5dec705bf8&qid=1692697992,N/A,N/A,N/A,N/A
N/A,N/A,N/A,N/A,N/A
N/A,N/A,N/A,N/A,N/A
https://www.amazon.in/gp/bestsellers/luggage/1984997031/ref=sr_bs_7_1984997031_1,Amazon.in Bestsellers: The most popular items in Rucksacks & Trekking Backpacks,N/A,N/A,N/A
N/A,N/A,N/A,N/A,N/A
N/A,N/A,N/A,N/A,N/A
https://www.amazon.in/b/ref=sxts_spks_0_0_5b47f725-4fa5-48ae-98f9-662935e233b4?node=21102587031&pd_rd_w=NztE9&content-id=amzn1.sym.5b47f725-4fa5-48ae-98f9-662935e233b4:amzn1.sym.5b47f725-4fa5-48ae-98f9-662935e233b4&pf_rd_p=5b47f725-4fa5-48ae-98f9-662935e233b4&pf_rd_r=WJF7ZF1WDQ7XDAYW4HN5&pd_rd_wg=VX8fG&pd_rd_r=8736f51d-3bcc-422d-9c86-fc777a5db671&qid=1692698000,N/A,N/A,N/A,N/A
N/A,N/A,N/A,N/A,N/A
N/A,N/A,N/A,N/A,N/A
https://www.amazon.in/gp/bestsellers/luggage/1984997031/ref=sr_bs_7_1984997031_1,Amazon.in Bestsellers: The most popular items in Rucksacks & Trekking Backpacks,N/A,N/A,N/A
N/A,N/A,N/A,N/A,N/A
N/A,N/A,N/A,N/A,N/A
https://www.amazon.in/b/ref=sxts_spks_0_0_dbb31dc2-f6c4-487f-9f15-03751dec7efa?node=21102587031&pd_rd_w=K8ezm&content-id=amzn1.sym.dbb31dc2-f6c4-487f-9f15-03751dec7efa:amzn1.sym.dbb31dc2-f6c4-487f-9f15-03751dec7efa&pf_rd_p=dbb31dc2-f6c4-487f-9f15-03751dec7efa&pf_rd_r=E3MF2X6QB6SQF2W119TZ&pd_rd_wg=bsLQr&pd_rd_r=05fe30ee-0280-4747-862d-f17c13b38b91&qid=1692698003,N/A,N/A,N/A,N/A
N/A,N/A,N/A,N/A,N/A
N/A,N/A,N/A,N/A,N/A
https://www.amazon.in/gp/bestsellers/luggage/1984997031/ref=sr_bs_7_1984997031_1,Amazon.in Bestsellers: The most popular items in Rucksacks & Trekking Backpacks,N/A,N/A,N/A
N/A,N/A,N/A,N/A,N/A
N/A,N/A,N/A,N/A,N/A
https://www.amazon.in/b/ref=sxts_spks_0_0_5b47f725-4fa5-48ae-98f9-662935e233b4?node=21102587031&pd_rd_w=jvAJQ&content-id=amzn1.sym.5b47f725-4fa5-48ae-98f9-662935e233b4:amzn1.sym.5b47f725-4fa5-48ae-98f9-662935e233b4&pf_rd_p=5b47f725-4fa5-48ae-98f9-662935e233b4&pf_rd_r=74SM9CPG3Q0X6QJRZTD7&pd_rd_wg=CBW6n&pd_rd_r=ab0e2238-4dc7-4122-88c3-261a080e8120&qid=1692698004,N/A,N/A,N/A,N/A
N/A,N/A,N/A,N/A,N/A
N/A,N/A,N/A,N/A,N/A
https://www.amazon.in/gp/bestsellers/luggage/1984997031/ref=sr_bs_7_1984997031_1,Amazon.in Bestsellers: The most popular items in Rucksacks & Trekking Backpacks,N/A,N/A,N/A
N/A,N/A,N/A,N/A,N/A
https://www.amazon.in/s/?k=bags+for+girls&ref=sugsr_0&pd_rd_w=ZjzkD&content-id=amzn1.sym.f0166a2b-0975-4017-be10-7ecf88afb403:amzn1.sym.f0166a2b-0975-4017-be10-7ecf88afb403&pf_rd_p=f0166a2b-0975-4017-be10-7ecf88afb403&pf_rd_r=74SM9CPG3Q0X6QJRZTD7&pd_rd_wg=3bnEi&pd_rd_r=703a9388-1744-439d-ba45-2e0b5fe6d853&qid=1692698004,Amazon.in: bags for girls,N/A,N/A,N/A
N/A,N/A,N/A,N/A,N/A
https://www.amazon.in/b/ref=sxts_spks_0_0_dbb31dc2-f6c4-487f-9f15-03751dec7efa?node=21102587031&pd_rd_w=4QnU9&content-id=amzn1.sym.dbb31dc2-f6c4-487f-9f15-03751dec7efa:amzn1.sym.dbb31dc2-f6c4-487f-9f15-03751dec7efa&pf_rd_p=dbb31dc2-f6c4-487f-9f15-03751dec7efa&pf_rd_r=JDWPTRMG86PJ9MYWPT3H&pd_rd_wg=g7Cqg&pd_rd_r=3747c413-4542-4c6d-b69d-19ca64309f29&qid=1692698007,N/A,N/A,N/A,N/A
N/A,N/A,N/A,N/A,N/A
N/A,N/A,N/A,N/A,N/A
https://www.amazon.in/gp/bestsellers/luggage/1984997031/ref=sr_bs_7_1984997031_1,Amazon.in Bestsellers: The most popular items in Rucksacks & Trekking Backpacks,N/A,N/A,N/A
N/A,N/A,N/A,N/A,N/A
N/A,N/A,N/A,N/A,N/A
https://www.amazon.in/b/ref=sxts_spks_0_0_5b47f725-4fa5-48ae-98f9-662935e233b4?node=21102587031&pd_rd_w=25xGU&content-id=amzn1.sym.5b47f725-4fa5-48ae-98f9-662935e233b4:amzn1.sym.5b47f725-4fa5-48ae-98f9-662935e233b4&pf_rd_p=5b47f725-4fa5-48ae-98f9-662935e233b4&pf_rd_r=DQKGG27SKGKDP4DRQV3F&pd_rd_wg=HPO0U&pd_rd_r=a88ece4e-d1e6-4199-9b74-953288213597&qid=1692698009,N/A,N/A,N/A,N/A
N/A,N/A,N/A,N/A,N/A
N/A,N/A,N/A,N/A,N/A
https://www.amazon.in/TRUE-HUMAN-Anti-Theft-backpack-charging/dp/B09QJ7ZF2Y,Buy TRUE HUMAN EMPEROR® Anti-Theft backpack With USB charging Port Laptop bag/Office bag/college bag/travel bag with anti -theft back pocket (LEGEND) from Laptop Backpacks at Amazon.in. 30 days free exchange or return,B09QJ7ZF2Y,N/A,Visit the TRUE HUMAN Store
https://www.amazon.in/gp/bestsellers/luggage/1984997031/ref=sr_bs_7_1984997031_1,Amazon.in Bestsellers: The most popular items in Rucksacks & Trekking Backpacks,N/A,N/A,N/A
N/A,N/A,N/A,N/A,N/A
N/A,N/A,N/A,N/A,N/A
https://www.amazon.in/b/ref=sxts_spks_0_0_dbb31dc2-f6c4-487f-9f15-03751dec7efa?node=21102587031&pd_rd_w=pMXen&content-id=amzn1.sym.dbb31dc2-f6c4-487f-9f15-03751dec7efa:amzn1.sym.dbb31dc2-f6c4-487f-9f15-03751dec7efa&pf_rd_p=dbb31dc2-f6c4-487f-9f15-03751dec7efa&pf_rd_r=0BGCAJ0DXSZ3V3V79H7G&pd_rd_wg=jsa0k&pd_rd_r=09e57b62-6125-4198-bbfc-dd250dd17310&qid=1692698010,N/A,N/A,N/A,N/A
N/A,N/A,N/A,N/A,N/A
https://www.amazon.in/Amazon-Brand-Presto-Oxo-Biodegradable-Garbage/dp/B0821PYKVK?sbo=Tc8eqSFhUl4VwMzbE4fw%2Fw%3D%3D,"Presto! Oxo-Biodegradable Garbage Bags, Large (24 x 32 inches) - 15 bags/roll (Pack of 6, Black, plastic) : Amazon.in: Home & Kitchen",B0821PYKVK,"Presto! offers Oxo-Biodegradable Garbage Bags to help you maintain cleanliness and hygiene in your house, office and surroundings. These garbage bags make clean-up and garbage disposal a hassle-free task while being easy on the environment! Large in size, they easily fit any large dustbins, allowing you to clean out overflowing trash. Or store away old clothes for donation or clear out your yard, garden or basement. Handy at offices or hotels, they’re useful for getting rid of leftover party plates and garbage as well. They come with a detachable tie-tape which lets you neatly tie up the bag, making it easier to carry out after use. They are available in black colour in a pack of 6 rolls, and each roll contains 15 bags for your convenience.",Brand: Presto!
N/A,N/A,N/A,N/A,N/A
https://www.amazon.in/gp/bestsellers/luggage/1984997031/ref=sr_bs_7_1984997031_1,Amazon.in Bestsellers: The most popular items in Rucksacks & Trekking Backpacks,N/A,N/A,N/A
N/A,N/A,N/A,N/A,N/A
N/A,N/A,N/A,N/A,N/A
https://www.amazon.in/b/ref=sxts_spks_0_0_dbb31dc2-f6c4-487f-9f15-03751dec7efa?node=21102587031&pd_rd_w=cyPwi&content-id=amzn1.sym.dbb31dc2-f6c4-487f-9f15-03751dec7efa:amzn1.sym.dbb31dc2-f6c4-487f-9f15-03751dec7efa&pf_rd_p=dbb31dc2-f6c4-487f-9f15-03751dec7efa&pf_rd_r=WZVG72WRKE0M71G2VBH6&pd_rd_wg=g9nV3&pd_rd_r=31d2f637-0b4e-4ff1-9db0-6e4e00b5268e&qid=1692698014,N/A,N/A,N/A,N/A
N/A,N/A,N/A,N/A,N/A
N/A,N/A,N/A,N/A,N/A
https://www.amazon.in/gp/bestsellers/luggage/1984997031/ref=sr_bs_7_1984997031_1,Amazon.in Bestsellers: The most popular items in Rucksacks & Trekking Backpacks,N/A,N/A,N/A
N/A,N/A,N/A,N/A,N/A
N/A,N/A,N/A,N/A,N/A
https://www.amazon.in/b/ref=sxts_spks_0_0_5b47f725-4fa5-48ae-98f9-662935e233b4?node=21102587031&pd_rd_w=iYJYj&content-id=amzn1.sym.5b47f725-4fa5-48ae-98f9-662935e233b4:amzn1.sym.5b47f725-4fa5-48ae-98f9-662935e233b4&pf_rd_p=5b47f725-4fa5-48ae-98f9-662935e233b4&pf_rd_r=32A0XT7JQ1R0M9XSW9YV&pd_rd_wg=muTux&pd_rd_r=6dc172ec-79d1-4e9d-bde2-46166792195b&qid=1692698016,N/A,N/A,N/A,N/A
N/A,N/A,N/A,N/A,N/A
N/A,N/A,N/A,N/A,N/A
https://www.amazon.in/gp/bestsellers/luggage/1984997031/ref=sr_bs_7_1984997031_1,Amazon.in Bestsellers: The most popular items in Rucksacks & Trekking Backpacks,N/A,N/A,N/A
N/A,N/A,N/A,N/A,N/A
N/A,N/A,N/A,N/A,N/A
https://www.amazon.in/b/ref=sxts_spks_0_0_5b47f725-4fa5-48ae-98f9-662935e233b4?node=21102587031&pd_rd_w=RPt7S&content-id=amzn1.sym.5b47f725-4fa5-48ae-98f9-662935e233b4:amzn1.sym.5b47f725-4fa5-48ae-98f9-662935e233b4&pf_rd_p=5b47f725-4fa5-48ae-98f9-662935e233b4&pf_rd_r=GRB1QZZTEBHBJNSCP3DZ&pd_rd_wg=ZDV29&pd_rd_r=03417ed9-1f2c-4d2c-a645-b8562246ff5d&qid=1692698020,N/A,N/A,N/A,N/A
N/A,N/A,N/A,N/A,N/A
N/A,N/A,N/A,N/A,N/A
https://www.amazon.in/gp/bestsellers/luggage/1984997031/ref=sr_bs_7_1984997031_1,Amazon.in Bestsellers: The most popular items in Rucksacks & Trekking Backpacks,N/A,N/A,N/A
N/A,N/A,N/A,N/A,N/A
N/A,N/A,N/A,N/A,N/A
https://www.amazon.in/b/ref=sxts_spks_0_0_dbb31dc2-f6c4-487f-9f15-03751dec7efa?node=21102587031&pd_rd_w=xyCc4&content-id=amzn1.sym.dbb31dc2-f6c4-487f-9f15-03751dec7efa:amzn1.sym.dbb31dc2-f6c4-487f-9f15-03751dec7efa&pf_rd_p=dbb31dc2-f6c4-487f-9f15-03751dec7efa&pf_rd_r=8EEG75V631W8TG9PSV3A&pd_rd_wg=Ey1qb&pd_rd_r=f91cfb31-4d90-4b14-92f6-0ce2395cf695&qid=1692698023,N/A,N/A,N/A,N/A
N/A,N/A,N/A,N/A,N/A
N/A,N/A,N/A,N/A,N/A
https://www.amazon.in/gp/bestsellers/luggage/1984997031/ref=sr_bs_7_1984997031_1,Amazon.in Bestsellers: The most popular items in Rucksacks & Trekking Backpacks,N/A,N/A,N/A
N/A,N/A,N/A,N/A,N/A
N/A,N/A,N/A,N/A,N/A
N/A,N/A,N/A,N/A,N/A
https://www.amazon.in/s/ref=sxin_15_trfobq2av2?rh=n%3A14737350031&k=bags&i=specialty-aps&srs=14737350031&pd_rd_w=3qh2c&content-id=amzn1.sym.7abeb195-8e0b-4e74-aede-b7cb234213a5:amzn1.sym.7abeb195-8e0b-4e74-aede-b7cb234213a5&pf_rd_p=7abeb195-8e0b-4e74-aede-b7cb234213a5&pf_rd_r=YQPCCRP9JA11APVP24J9&pd_rd_wg=1hQna&pd_rd_r=7555f634-1f18-4452-a5ae-43a2d8345333&qid=1692698024,Online shopping from a great selection at Private-Brands Store.,N/A,N/A,N/A
N/A,N/A,N/A,N/A,N/A
https://www.amazon.in/Half-Moon-Waterproof-Backpack-Students/dp/B085MHDJ93,"Buy Half Moon 35 Ltrs Water Resistant 15.6 inch Laptop Bag for Men/Backpack for Men, Navy Blue | Office Bag for Men/Office Bag for Women with Padded Laptop Compartment | Rain Cover & Reflective Strips from Laptop Backpacks at Amazon.in. 30 days free exchange or return",B085MHDJ93,N/A,Visit the Half Moon Store
https://www.amazon.in/gp/bestsellers/luggage/1984997031/ref=sr_bs_7_1984997031_1,Amazon.in Bestsellers: The most popular items in Rucksacks & Trekking Backpacks,N/A,N/A,N/A
N/A,N/A,N/A,N/A,N/A
N/A,N/A,N/A,N/A,N/A
